date,hpi,hmi,bci,hs,hc,pa,sh,ce,cs,hms,ppil,ppic,cpi,awh,ahe,plr,ms,mr
1991-01-01,100,20,"2,720.00",604,61.1,37.6,"148,600",610,,9.4,127.6,,,,,9.5,827.2,9.64
1991-02-01,100.45,27,"2,716.00",755,54.5,43.5,"147,800",600.3,,7.9,127.2,,,,,9,832.6,9.37
1991-03-01,100.48,36,"2,715.00",750,63.1,61.2,"156,400",598,,7.3,127.8,,,,,9,838.7,9.5
1991-04-01,100.33,41,"2,709.00",819,62,75.7,"150,800",587.6,,7.3,129.2,,,,,9,843.1,9.49
1991-05-01,100.39,40,"2,723.00",839,62.2,78.1,"145,400",584.8,,7,132.3,,,,,8.5,848.8,9.47
1991-06-01,100.51,42,"2,733.00",874,73.3,73.9,"145,900",579.9,,7,136.2,,,,,8.5,856.7,9.62
1991-07-01,100.55,41,"2,757.00",887,70,74.9,"148,200",574.1,,7.1,136.9,,,,,8.5,861.6,9.58
1991-08-01,100.38,36,"2,792.00",882,75.4,69.9,"141,800",569.3,,6.8,133.3,,,,,8.5,866.8,9.24
1991-09-01,100.62,37,"2,785.00",868,80.6,64.2,"147,300",568.2,,7.4,133.4,,,,,8.2,869.7,9.01
1991-10-01,100.92,37,"2,786.00",878,84.3,70.4,"147,400",563.3,,6.7,133.2,,,,,8,878,8.86
1991-11-01,101.42,37,"2,791.00",916,71.3,52.6,"141,700",558.2,,6.2,133.4,,,,,7.6,887.6,8.71
1991-12-01,101.88,35,"2,784.00",947,79.7,51.7,"143,000",554.8,,6.2,134.6,,,,,7.2,897,8.5
1992-01-01,102.24,44,"2,784.00",969,59.7,55.2,"144,200",551.4,,5.2,137.6,,,,,6.5,910.4,8.43
1992-02-01,102.96,49,"2,775.00","1,102.00",63.4,61.1,"144,800",545.6,,4.9,142.9,,,,,6.5,925.2,8.76
1992-03-01,102.82,46,"2,799.00","1,037.00",70.5,82.4,"144,800",544.7,,6.1,145.7,,,,,6.5,936.7,8.94
1992-04-01,102.57,46,"2,809.00",945,67.3,88,"145,000",542.6,,6.1,147.5,,,,,6.5,943.8,8.85
1992-05-01,102.59,47,"2,828.00","1,038.00",79.7,82.7,"146,000",542.6,,6,147.6,,,,,6.5,950.6,8.67
1992-06-01,102.52,45,"2,838.00",999,86.5,91.6,"146,600",542.7,,5.6,146.3,,,,,6.5,954.3,8.51
1992-07-01,102.87,46,"2,845.00",984,86.8,83.3,"137,700",546.7,,5.3,145.3,,,,,6,963.3,8.13
1992-08-01,103.33,49,"2,854.00","1,037.00",86.9,76.6,"145,300",553,,5.2,145.4,,,,,6,973.7,7.98
1992-09-01,103.72,48,"2,857.00","1,024.00",88.8,80.1,"142,200",556.9,,5,148.7,,,,,6,988,7.92
1992-10-01,104.03,50,"2,867.00","1,093.00",93.3,80.3,"148,400",558,,5.1,148.7,,,,,6,1003.7,8.09
1992-11-01,104.31,54,"2,873.00","1,078.00",84.6,63.8,"147,200",560,,5.4,149.5,,,,,6,1015.7,8.31
1992-12-01,104.21,56,"2,875.00","1,075.00",96.2,65.8,"146,200",560.2,,5,154.4,,,,,6,1024.9,8.21
1993-01-01,104.27,55,"2,886.00","1,091.00",69.6,55.1,"138,900",563.4,,5.4,160.2,,,,,6,1030.4,7.99
1993-02-01,104.06,52,"2,886.00","1,063.00",69.1,61.3,"149,400",568.1,,5.3,169.3,,,,,6,1033.5,7.68
1993-03-01,104.39,53,"2,915.00",950,73.4,84.2,"146,600",570.5,,5.4,176.9,,,,,6,1038.4,7.5
1993-04-01,105.03,52,"2,976.00","1,110.00",78.8,91.5,"148,400",575.2,,4.7,181.2,,,,,6,1047.6,7.47
1993-05-01,105.26,51,"3,071.00","1,128.00",79.5,85.2,"152,300",582.4,,5.3,179.8,,,,,6,1065.9,7.47
1993-06-01,105.62,53,"3,066.00","1,081.00",88.4,97,"145,700",582.3,,5.2,174.1,,,,,6,1075.1,7.42
1993-07-01,105.67,57,"3,038.00","1,086.00",81.5,88.2,"143,400",582.9,,5.3,171.7,,,,,6,1084.6,7.21
1993-08-01,106.07,60,"3,014.00","1,162.00",97.5,91,"150,600",582.8,,5.5,171.1,,,,,6,1094.2,7.11
1993-09-01,106.45,62,"3,009.00","1,143.00",96.3,89.8,"150,100",586.3,,4.9,173.2,,,,,6,1104.2,6.92
1993-10-01,106.66,66,"3,016.00","1,209.00",103.1,87.9,"146,900",591.1,,5,174,,,,,6,1113.1,6.83
1993-11-01,107.01,71,"3,029.00","1,228.00",95.2,80.5,"152,500",599.3,,4.8,177.3,,,,,6,1124.1,7.16
1993-12-01,107.52,71,"3,046.00","1,316.00",107.1,74.8,"146,400",607.1,,4.5,179.6,,,,,6,1129.6,7.17
1994-01-01,107.77,70,"3,071.00","1,140.00",76.6,63.4,"153,400",614.1,,5.9,184.6,,,,,6,1131.6,7.06
1994-02-01,108.02,64,"3,106.00","1,133.00",79.6,69.2,"150,700",609.4,,5,183.3,,,,,6,1136.3,7.15
1994-03-01,108.38,61,"3,116.00","1,306.00",82,104,"152,800",620.4,,4.8,184.2,,,,,6.1,1140.1,7.68
1994-04-01,108.71,61,"3,127.00","1,206.00",90.5,102,"152,900",622.1,,5.2,180.3,,,,,6.5,1141.1,8.32
1994-05-01,109.07,59,"3,125.00","1,244.00",100.7,107.7,"151,800",625.4,,5.3,178.2,,,,,7,1143.3,8.6
1994-06-01,109.25,57,"3,115.00","1,193.00",99.4,109.2,"158,400",627.6,,6.2,179.4,,,,,7.3,1145.2,8.4
1994-07-01,109.37,53,"3,107.00","1,231.00",98.5,90.9,"144,400",630,,6.3,177.4,,,,,7.3,1150.7,8.61
1994-08-01,109.65,53,"3,109.00","1,149.00",103.8,100.9,"154,900",631.9,,6.1,177.7,,,,,7.5,1150.6,8.51
1994-09-01,109.71,50,"3,116.00","1,201.00",106.1,91.5,"157,200",633.2,,6,178.3,,,,,7.8,1151.9,8.64
1994-10-01,109.99,49,"3,116.00","1,152.00",112.4,85.9,"153,000",634.5,,5.6,177.8,,,,,7.8,1150.2,8.93
1994-11-01,110.23,50,"3,109.00","1,187.00",97.7,74.8,"155,400",632.4,,6.3,179.4,,,,,8.2,1150.9,9.17
1994-12-01,110.22,43,"3,110.00","1,151.00",113.1,68.9,"159,600",633.1,,6.6,179.2,,,,,8.5,1150.7,9.2
1995-01-01,110.53,40,"3,112.00","1,083.00",84.8,58.2,"147,400",633.2,,6.8,179.6,,,,,8.5,1151.4,9.15
1995-02-01,111.13,42,"3,111.00","1,053.00",71.9,59.8,"160,200",630.1,,7.3,179.5,,,,,9,1147.4,8.83
1995-03-01,110.98,40,"3,103.00",996,89.1,85.1,"153,300",630.4,,6.8,180.6,,,,,9,1146.7,8.46
1995-04-01,111.23,42,"3,100.00","1,013.00",82.1,83.1,"157,800",629.5,,6.7,180.4,,,,,9,1149.3,8.32
1995-05-01,111.37,43,"3,096.00","1,024.00",86.8,95.9,"158,000",628,,6.3,179.7,,,,,9,1145.3,7.96
1995-06-01,111.76,45,"3,095.00","1,022.00",89.4,97.4,"160,200",626.1,,5.8,178,,,,,9,1144.2,7.57
1995-07-01,112.28,49,"3,114.00","1,133.00",88.2,88.3,"154,200",626,,5.6,178.2,,,,,8.8,1145.5,7.61
1995-08-01,112.57,50,"3,121.00","1,138.00",92.1,101.4,"162,000",627.5,,6.1,177.8,,,,,8.8,1145.4,7.86
1995-09-01,112.81,51,"3,109.00","1,095.00",91.9,90.1,"155,600",629.9,,6.3,178.9,,,,,8.8,1142,7.64
1995-10-01,112.85,55,"3,117.00","1,128.00",100.1,90.8,"156,200",634.2,,6.3,177.2,,,,,8.8,1137.3,7.48
1995-11-01,113.09,52,"3,131.00","1,131.00",92.6,78.4,"160,700",637.5,,6.8,174.2,,,,,8.8,1134.1,7.38
1995-12-01,113.56,53,"3,128.00","1,168.00",96.6,68.8,"165,600",638.6,,6.4,173.5,,,,,8.7,1127.5,7.2
1996-01-01,113.98,54,"3,127.00","1,143.00",79.4,66,"155,300",642,,6.4,172.9,,,,,8.5,1123.5,7.03
1996-02-01,114.13,49,"3,131.00","1,158.00",72.3,74.4,"163,700",647,,5.3,173,,,,,8.3,1118.5,7.08
1996-03-01,114.57,59,"3,135.00","1,147.00",83.7,95.7,"162,100",650.1,,6.2,172.8,,,,,8.3,1122.6,7.62
1996-04-01,114.83,60,"3,148.00","1,211.00",80.3,109.9,"170,000",654.9,,6,171.9,,,,,8.3,1124.8,7.93
1996-05-01,115.08,61,"3,161.00","1,156.00",91.9,109.2,"163,300",658.7,,5.9,175.8,,,,,8.3,1116.5,8.07
1996-06-01,115.19,59,"3,178.00","1,192.00",98,100.7,"166,500",663.3,,6,176.8,,,,,8.3,1115.2,8.32
1996-07-01,115.58,58,"3,190.00","1,151.00",97.6,101.9,"168,400",664.6,,5.7,175,,,,,8.3,1112.4,8.25
1996-08-01,115.59,56,"3,223.00","1,252.00",104.1,97.6,"159,700",670.6,,5,177,,,,,8.3,1101.6,8
1996-09-01,115.89,55,"3,246.00","1,148.00",99.6,85.9,"167,400",674.4,,5.2,180.2,,,,,8.3,1096.2,8.23
1996-10-01,115.99,56,"3,284.00","1,113.00",108.5,90.8,"168,400",676,,5.6,177.8,,,,,8.3,1085.7,7.92
1996-11-01,116.32,54,"3,304.00","1,121.00",99.2,71.5,"172,000",679.7,,5.2,180.2,,,,,8.3,1083.5,7.62
1996-12-01,116.66,55,"3,311.00","1,060.00",113.9,66,"171,800",681.2,,5,179.7,,,,,8.3,1081.3,7.6
1997-01-01,116.83,54,"3,332.00","1,108.00",78.9,65.8,"171,900",684.6,,4.7,180.6,,,,,8.3,1081.2,7.82
1997-02-01,117.11,52,"3,333.00","1,181.00",84.8,70.3,"171,100",687.8,,4.5,183.4,,,,,8.3,1078.8,7.65
1997-03-01,117.58,57,"3,323.00","1,130.00",87.4,88.7,"172,700",695.3,,4.1,184.8,,,,,8.3,1072.5,7.9
1997-04-01,117.8,56,"3,364.00","1,124.00",86.8,104.4,"179,500",692.3,,4.7,185.4,,,,,8.5,1063.9,8.14
1997-05-01,118.23,55,"3,377.00","1,105.00",90.1,101.3,"170,700",690.8,,4.6,186.8,,,,,8.5,1063.8,7.94
1997-06-01,118.28,56,"3,396.00","1,120.00",94.2,100.9,"179,400",690.5,,4.4,185.4,,,,,8.5,1066.1,7.69
1997-07-01,118.59,55,"3,392.00","1,133.00",89.2,99.8,"175,500",693.6,,4.4,185.9,,,,,8.5,1065.5,7.5
1997-08-01,119.02,58,"3,385.00","1,100.00",94.3,91.8,"170,700",695.1,,4.3,185,,,,,8.5,1075.3,7.48
1997-09-01,119.18,59,"3,378.00","1,205.00",103.5,95.6,"177,500",695.7,,4.2,183.7,,,,,8.5,1066.9,7.43
1997-10-01,119.8,59,"3,372.00","1,127.00",100.3,97.5,"172,900",696.7,,4.3,181.1,,,,,8.5,1065.6,7.29
1997-11-01,120.2,58,"3,350.00","1,154.00",100.6,72.5,"175,400",700,,3.9,181.8,,,,,8.5,1070.9,7.21
1997-12-01,120.58,60,"3,370.00","1,149.00",106.2,73.9,"175,800",703.4,,4.4,181.5,,,,,8.5,1072.3,7.1
1998-01-01,121.04,60,"3,363.00","1,227.00",71.3,70.1,"178,600",704.1,,4,181.1,,,,,8.5,1074,6.99
1998-02-01,121.9,65,"3,372.00","1,237.00",76.8,78.1,"181,600",704.2,,3.9,182.2,,,,,8.5,1077.8,7.04
1998-03-01,122.3,66,"3,368.00","1,221.00",85.5,105.1,"178,500",708.3,,4.1,182.4,,,,,8.5,1076.9,7.13
1998-04-01,122.86,67,"3,375.00","1,230.00",90.8,113.6,"176,700",712.9,,4,182.5,,,,,8.5,1076.5,7.14
1998-05-01,123.34,67,"3,374.00","1,212.00",89.9,107.3,"183,500",718.5,,3.9,180.4,,,,,8.5,1079.1,7.14
1998-06-01,124.12,70,"3,379.00","1,275.00",100.5,115.8,"175,900",725.9,,3.8,177.5,,,,,8.5,1076.3,7
1998-07-01,124.45,71,"3,382.00","1,300.00",103.1,111.2,"179,800",731.3,,4,178.5,,,,,8.5,1075.1,6.95
1998-08-01,124.97,72,"3,391.00","1,274.00",104.6,104.4,"186,500",739.2,,4.1,179.7,,,,,8.5,1075.9,6.92
1998-09-01,125.78,71,"3,414.00","1,262.00",107.6,102.5,"182,700",739.4,,4.1,178,,,,,8.5,1079.9,6.72
1998-10-01,126.29,73,"3,423.00","1,298.00",108.1,103.8,"182,800",745.3,,4,175.5,,,,,8.1,1086,6.71
1998-11-01,127.13,77,"3,424.00","1,383.00",111.5,86.6,"178,600",748.7,,3.5,175.2,,,,,7.9,1094.9,6.87
1998-12-01,127.7,78,"3,419.00","1,412.00",110,89,"183,300",754.7,,3.8,175.9,,,,,7.8,1095,6.74
1999-01-01,128.44,75,"3,425.00","1,349.00",88,74.2,"182,900",764.5,,3.9,177.2,,,,,7.8,1098.1,6.79
1999-02-01,128.96,71,"3,417.00","1,317.00",82.6,86.6,"191,400",773.9,,4,179.8,,,,,7.8,1096.7,6.81
1999-03-01,129.54,71,"3,411.00","1,345.00",101.2,118.9,"189,300",778,,4.1,181.6,,,,,7.8,1096.6,7.04
1999-04-01,130.15,71,"3,421.00","1,220.00",98.2,119.9,"192,200",783.6,,3.9,181.6,,,,,7.8,1101.6,6.92
1999-05-01,130.93,75,"3,422.00","1,312.00",106,115.9,"187,900",792.2,,4,183.7,,,,,7.8,1103.8,7.15
1999-06-01,131.54,77,"3,433.00","1,266.00",112.7,128,"193,900",798.5,,3.9,187.8,,,,,7.8,1099.8,7.55
1999-07-01,132.26,75,"3,460.00","1,308.00",102.6,114.6,"189,100",803.7,,4,192,,,,,8,1099.1,7.63
1999-08-01,133.06,72,"3,474.00","1,265.00",108.4,112.6,"193,100",806.1,,4,189.6,,,,,8.1,1099.2,7.94
1999-09-01,133.46,72,"3,504.00","1,286.00",116.2,103.1,"194,800",810,,4.5,184.9,,,,,8.3,1096.5,7.82
1999-10-01,134.24,69,"3,505.00","1,310.00",114.4,97.6,"200,200",811.5,,4.2,181,,,,,8.3,1103.3,7.85
1999-11-01,134.82,70,"3,498.00","1,321.00",116,90.3,"211,500",819.6,,4.3,181.6,,,,,8.4,1110.7,7.74
1999-12-01,135.49,70,"3,497.00","1,375.00",124,84.8,"202,100",822.8,,4.3,182.7,,,,,8.5,1122.2,7.91
2000-01-01,137.08,69,"3,503.00","1,268.00",88.7,78.3,"200,300",832.5,,4.3,183.8,,,,,8.5,1122.1,8.21
2000-02-01,136.88,68,"3,523.00","1,255.00",92.2,89.1,"199,200",834.3,,4.3,184,,,,,8.7,1108.6,8.33
2000-03-01,137.95,64,"3,536.00","1,313.00",100.8,119,"204,900",843.2,,4.3,184.2,,,,,8.8,1107.5,8.24
2000-04-01,138.88,63,"3,534.00","1,275.00",100.7,107.6,"207,300",834,,4.4,183,,,,,9,1115.6,8.15
2000-05-01,139.46,63,"3,558.00","1,230.00",108.1,119.3,"200,000",827.9,,4.4,179.3,,,,,9.2,1104.9,8.52
2000-06-01,140.43,58,"3,553.00","1,202.00",102.9,114.5,"197,700",826.7,,4.8,178.6,,,,,9.5,1102.6,8.29
2000-07-01,141.15,59,"3,545.00","1,142.00",98.2,98.8,"202,200",828.9,,4.1,177,,,,,9.5,1103.5,8.15
2000-08-01,141.7,60,"3,546.00","1,231.00",108.9,111.6,"200,200",822.2,,4.4,174.4,,,,,9.5,1100.2,8.03
2000-09-01,142.58,60,"3,539.00","1,195.00",105.8,95.8,"208,300",818.2,,4,174.1,,,,,9.5,1099.7,7.91
2000-10-01,143.35,62,"3,547.00","1,235.00",107.6,102.8,"215,100",813.2,,4,173.9,,,,,9.5,1098.7,7.8
2000-11-01,144.24,63,"3,541.00","1,212.00",110.7,87.7,"210,700",805.8,,4.2,173.2,,,,,9.5,1092.4,7.75
2000-12-01,145.1,57,"3,548.00","1,226.00",117.1,73.7,"208,100",797.2,,3.6,172.7,,,,,9.5,1088.6,7.38
2001-01-01,146.01,52,"3,545.00","1,275.00",77.1,85.6,"209,000",782.8,,3.8,171.6,,175.6,,,9.1,1096.7,7.03
2001-02-01,147,58,"3,536.00","1,280.00",83.3,85.1,"211,000",781.8,,3.7,171.5,,176,,,8.5,1101.2,7.05
2001-03-01,147.8,60,"3,541.00","1,218.00",93.4,112.7,"210,200",775.5,,3.8,172.8,,176.1,,,8.3,1108.9,6.95
2001-04-01,148.67,59,"3,541.00","1,311.00",95.4,116.5,"205,500",772.8,,3.9,172.9,,176.4,,,7.8,1116.7,7.08
2001-05-01,149.33,58,"3,547.00","1,285.00",99.6,124.4,"211,400",775,,4,179,,177.3,,,7.3,1118.5,7.15
2001-06-01,150.05,59,"3,572.00","1,295.00",110.8,119.2,"211,700",779.6,,4.2,180.7,,177.7,,,7,1126.2,7.16
2001-07-01,150.88,57,"3,625.00","1,298.00",105.8,110.2,"209,300",781.6,,4.2,176.7,,177.4,,,6.8,1138.9,7.13
2001-08-01,151.6,59,"3,605.00","1,286.00",113,116.2,"207,500",781.8,,4.4,176.8,,177.4,,,6.7,1150.2,6.95
2001-09-01,152.4,55,"3,597.00","1,243.00",113,92.4,"203,300",782.9,,4.4,176,,178.1,,,6.3,1205.7,6.82
2001-10-01,153.33,46,"3,602.00","1,240.00",121.2,104.4,"207,100",785.9,,4.3,172.3,,177.6,,,5.6,1165.7,6.62
2001-11-01,153.8,48,"3,596.00","1,244.00",112.3,89.2,"206,900",787.2,,4.1,171.5,,177.5,,,5.1,1171,6.66
2001-12-01,154.79,55,"3,577.00","1,285.00",131.1,79.7,"228,700",789.2,,3.8,170.6,,177.4,,,4.8,1183.2,7.07
2002-01-01,155.68,58,"3,581.00","1,318.00",91,88.7,"226,900",785.8,"382,979",4.2,171.7,,177.7,,,4.8,1190.7,7
2002-02-01,156.56,58,"3,581.00","1,501.00",94.9,95.5,"226,500",794.9,"391,434",4,173,,178,,,4.8,1190.6,6.89
2002-03-01,157.57,62,"3,597.00","1,292.00",103,111,"227,100",798.8,"390,942",4.1,175.3,,178.5,,,4.8,1193.3,7.01
2002-04-01,158.41,61,"3,583.00","1,277.00",98.3,125.4,"228,100",796.8,"404,255",4.3,175.6,,179.3,,,4.8,1186.9,6.99
2002-05-01,159.48,61,"3,612.00","1,402.00",110.5,127.1,"226,500",799.3,"399,164",4,174.4,,179.5,,,4.8,1189.3,6.81
2002-06-01,160.49,61,"3,624.00","1,368.00",110.2,118.9,"225,200",798.7,"407,305",4.2,173.3,,179.6,,,4.8,1193.3,6.65
2002-07-01,161.5,61,"3,652.00","1,323.00",105.1,122.4,"217,800",800.8,"410,171",4.2,173.3,,180,,,4.8,1199.1,6.49
2002-08-01,162.54,55,"3,648.00","1,247.00",117.9,119.8,"221,300",807.1,"404,055",4,173.8,,180.5,,,4.8,1187.1,6.29
2002-09-01,163.54,63,"3,655.00","1,446.00",119.8,110.1,"215,300",809.4,"400,059",3.9,173,,180.8,,,4.8,1196.1,6.09
2002-10-01,164.67,61,"3,651.00","1,352.00",117.4,123,"231,300",810.5,"402,091",4,172.3,,181.2,,,4.8,1204,6.11
2002-11-01,165.63,62,"3,654.00","1,394.00",125.6,96,"227,100",826.7,"406,609",4,171.8,,181.5,,,4.4,1209.6,6.07
2002-12-01,166.83,63,"3,640.00","1,439.00",131.3,94.6,"237,800",816.8,"416,844",4,171.8,,181.8,,,4.3,1220.2,6.05
2003-01-01,167.86,62,"3,648.00","1,537.00",90.1,98,"230,200",817.8,"423,049",4,171.7,,182.6,,,4.3,1227.3,5.92
2003-02-01,168.9,63,"3,655.00","1,301.00",92.3,93.9,"233,400",817.7,"422,705",4.5,173.2,,183.6,,,4.3,1238.2,5.84
2003-03-01,169.46,56,"3,649.00","1,399.00",101,117.7,"231,100",821.1,"418,232",4.1,172.6,,183.9,,,4.3,1239.3,5.75
2003-04-01,170.51,55,"3,652.00","1,374.00",105.2,134.2,"237,200",828.9,"425,493",4.1,172.9,,183.2,,,4.3,1250,5.81
2003-05-01,171.43,60,"3,660.00","1,391.00",113.4,132.1,"243,700",829,"426,270",3.9,173.1,,182.9,,,4.3,1268.8,5.48
2003-06-01,172.26,63,"3,677.00","1,513.00",117.1,138.3,"239,700",836.9,"436,163",3.5,173.8,,183.1,,,4.2,1281,5.23
2003-07-01,173.52,65,"3,683.00","1,535.00",117.5,138.6,"248,400",836.7,"454,040",3.6,176.9,,183.7,,,4,1287.5,5.63
2003-08-01,174.79,67,"3,712.00","1,484.00",117.1,131,"241,000",840.2,"458,676",3.5,177.8,,184.5,,,4,1296.4,6.26
2003-09-01,176.22,67,"3,717.00","1,555.00",126.6,130.5,"254,500",850.2,"463,954",3.8,184,,185.1,,,4,1297.2,6.15
2003-10-01,177.23,69,"3,745.00","1,631.00",135.2,138.1,"242,800",854.6,"475,234",3.8,184.1,,184.9,,,4,1297.8,5.95
2003-11-01,178.62,68,"3,765.00","1,694.00",129.4,99.2,"268,300",858.5,"490,441",4.1,184.4,,185,,,4,1299.1,5.93
2003-12-01,180.11,69,"3,757.00","1,647.00",141.4,109.6,"253,900",863.3,"508,637",4,183.9,,185.5,,,4,1306.2,5.88
2004-01-01,181.27,68,"3,767.00","1,560.00",99.4,103.4,"262,100",866.4,"503,659",3.8,183.3,,186.3,,,4,1306,5.71
2004-02-01,182.65,66,"3,802.00","1,481.00",101.2,108.4,"264,100",867.3,"505,081",3.7,189,,186.7,,,4,1321.4,5.64
2004-03-01,183.98,66,"3,859.00","1,632.00",115.1,154.8,"261,000",875.7,"511,829",3.6,194.1,,187.1,,,4,1328.7,5.45
2004-04-01,185.51,69,"3,908.00","1,646.00",129,155,"269,300",876.2,"517,912",4,197.7,,187.4,,,4,1332.8,5.83
2004-05-01,187.27,69,"3,956.00","1,652.00",125.1,150.2,"260,400",890.8,"528,180",3.8,201.6,,188.2,,,4,1333.3,6.27
2004-06-01,189.21,68,"3,996.00","1,526.00",130.4,159.3,"263,200",891.3,"533,358",3.9,198.4,,188.9,,,4,1342.7,6.29
2004-07-01,190.73,67,"4,013.00","1,675.00",127.8,145.3,"279,200",898.6,"549,031",4.5,196.5,,189.1,,,4.3,1340.8,6.06
2004-08-01,192.09,70,"4,027.00","1,691.00",137.2,145.6,"272,200",903.4,"557,411",4.3,202.1,,189.2,,,4.4,1354.3,5.87
2004-09-01,193.6,67,"4,102.00","1,555.00",136.2,134.5,"269,200",910.4,"552,375",4.1,202.5,,189.8,,,4.6,1362.5,5.75
2004-10-01,195.06,69,"4,129.00","1,660.00",140.7,128.5,"289,600",918.3,"556,425",3.9,196.7,,190.8,,,4.8,1362.3,5.72
2004-11-01,196.84,70,"4,128.00","1,458.00",128.7,114.6,"283,200",923.5,"555,944",4.3,191.9,,191.7,,,4.9,1374.2,5.73
2004-12-01,198.56,71,"4,123.00","1,714.00",160.8,113.8,"284,300",927.4,"571,871",4.1,193,,191.7,,,5.2,1376,5.75
2005-01-01,199.99,70,"4,112.00","1,739.00",109.8,106.9,"283,000",932.1,"581,168",4.4,194.6,,191.6,,,5.3,1367.1,5.71
2005-02-01,201.41,69,"4,116.00","1,792.00",111.7,114.8,"289,100",938,"594,003",4.3,198.2,,192.4,,,5.5,1371.1,5.63
2005-03-01,203.44,70,"4,127.00","1,583.00",116.7,150.6,"289,600",942.5,"597,200",4.1,198.6,,193.1,,,5.6,1370.9,5.93
2005-04-01,205.27,67,"4,168.00","1,658.00",126.7,152.7,"289,100",947.9,"603,975",4.3,198.3,,193.7,,,5.8,1358.4,5.86
2005-05-01,206.95,70,"4,189.00","1,714.00",145.3,156,"287,400",953,"609,170",4.2,195.2,,193.6,,,6,1366,5.72
2005-06-01,208.75,72,"4,195.00","1,719.00",144.5,166.2,"279,600",958.8,"622,726",4.3,197.6,,193.7,,,6,1380.1,5.58
2005-07-01,210.84,70,"4,197.00","1,724.00",136.3,145.9,"289,300",964.7,"634,572",4.2,196,,194.9,,,6.3,1369,5.7
2005-08-01,212.35,67,"4,210.00","1,728.00",145,161.9,"295,000",964.8,"639,501",4.5,194.1,,196.1,,,6.4,1377.8,5.82
2005-09-01,214.31,65,"4,242.00","1,789.00",147.8,151.3,"299,600",967.6,"652,748",4.7,197.4,,198.8,,,6.6,1378.6,5.77
2005-10-01,215.52,68,"4,265.00","1,740.00",147.1,139.1,"293,600",972.8,"664,407",4.5,198,,199.1,,,6.8,1376.5,6.07
2005-11-01,216.92,61,"4,312.00","1,808.00",142.2,124,"294,400",985.7,"670,757",5,194.1,,198.1,,,7,1376.1,6.33
2005-12-01,218.21,57,"4,329.00","1,628.00",162.8,112.5,"290,200",995.7,"676,135",4.9,195.2,,198.1,,,7.2,1374.3,6.27
2006-01-01,219.6,57,"4,335.00","1,823.00",115.1,114.3,"301,000","1,008.10","681,263",5.3,197.5,,199.3,,,7.3,1379.5,6.15
2006-02-01,219.99,56,"4,337.00","1,804.00",120.8,115.6,"307,900","1,012.70","684,482",6.1,198.4,,199.4,,,7.5,1378.4,6.25
2006-03-01,220.85,54,"4,330.00","1,601.00",144.9,146.7,"298,800","1,017.80","674,457",5.9,198.6,,199.7,37.5,21.9,7.5,1383.2,6.32
2006-04-01,221.28,51,"4,335.00","1,511.00",134,130.8,"310,300","1,022.00","656,899",6.3,198.3,,200.7,38.1,22.1,7.8,1381.4,6.51
2006-05-01,221.86,46,"4,331.00","1,570.00",133.7,144.5,"293,900","1,016.60","640,049",6.2,198.6,,201.3,37.7,22,7.9,1387.2,6.6
2006-06-01,221.85,42,"4,340.00","1,451.00",151.7,139.3,"305,000","1,007.80","621,219",6.3,195.4,,201.8,37.8,22.2,8,1375.4,6.68
2006-07-01,221.69,39,"4,356.00","1,424.00",138.7,111.6,"311,300","1,007.30","604,020",7.3,193.9,,202.9,37.8,22.3,8.3,1372.4,6.76
2006-08-01,222.29,33,"4,359.00","1,364.00",142.4,121.5,"317,300","1,009.20","590,189",6.7,191.4,,203.8,37.8,22.3,8.3,1372.4,6.52
2006-09-01,222.25,30,"4,375.00","1,384.00",152.6,97.7,"296,200","1,011.60","579,753",6.7,191.8,,202.8,37.7,22.4,8.3,1364.4,6.4
2006-10-01,222.48,31,"4,431.00","1,212.00",142.4,98,"306,800","1,005.80","567,752",7.3,188.7,,201.9,37.9,22.5,8.3,1370.3,6.36
2006-11-01,223.17,33,"4,462.00","1,290.00",131.4,82.2,"291,800",996,"555,299",6.6,189.4,,202,37.8,22.5,8.3,1370.8,6.24
2006-12-01,223.22,33,"4,441.00","1,249.00",146.7,76,"301,900",989.5,"551,740",6.5,190.3,,203.1,38.4,22.5,8.3,1366.6,6.14
2007-01-01,223.99,35,"4,432.00","1,130.00",103.9,80.3,"314,600",982.5,"544,096",7.2,192.1,,203.44,37.9,22.59,8.3,1371.7,6.22
2007-02-01,224.06,39,"4,432.00","1,189.00",90.5,79.4,"321,500",977.3,"538,260",7.9,192.7,,204.23,37.5,22.66,8.3,1363,6.29
2007-03-01,224.94,36,"4,411.00","1,202.00",100.2,103.4,"329,400",973.2,"534,655",7.9,193.3,,205.29,38,22.72,8.3,1366.5,6.16
2007-04-01,225,33,"4,416.00","1,197.00",98.1,98.6,"311,700",966.8,"530,749",7.4,193.3,,205.9,37.9,22.83,8.3,1378,6.18
2007-05-01,223.9,30,"4,475.00","1,130.00",107.5,106.6,"309,700",965.1,"521,499",7.8,193.1,,206.76,38.2,22.98,8.3,1380.9,6.26
2007-06-01,223.03,28,"4,471.00","1,131.00",107.5,97.2,"306,500",964,"513,524",8.2,193.7,,207.23,38,23.02,8.3,1368.2,6.66
2007-07-01,221.93,24,"4,493.00","1,042.00",101.2,89.8,"307,100",954.4,"503,486",8.3,194.4,,207.6,37.9,23.1,8.3,1371.8,6.7
2007-08-01,220.92,22,"4,512.00",957,107.9,87.5,"301,300",942.1,"488,816",9.2,193.2,,207.67,37.8,23.13,8.3,1376.3,6.57
2007-09-01,220.11,20,"4,533.00",935,99.8,66.6,"292,200",936.5,"472,995",9.2,192.3,,208.55,38.1,23.21,8,1375.7,6.38
2007-10-01,218.21,19,"4,535.00",878,103.4,70.7,"310,100",921.6,"455,045",8.5,191.1,,209.19,38,23.18,7.7,1379.4,6.38
2007-11-01,216.75,19,"4,558.00",833,98.9,54.7,"316,800",895,"439,144",9.4,189.8,,210.83,38.2,23.32,7.5,1371.8,6.21
2007-12-01,215.63,18,"4,556.00",805,99.4,45.2,"284,400",896.4,"423,699",9.6,190,,211.45,38.2,23.43,7.3,1373.4,6.1
2008-01-01,213.81,19,"4,557.00",773,69,48,"284,600",886.6,"409,420",9.3,189.3,,212.17,38.2,23.42,6.9,1377.7,5.76
2008-02-01,212.46,20,"4,556.00",724,63.2,48,"301,200",874.5,"393,193",9.7,189.1,,212.69,38.1,23.51,6,1380.4,5.92
2008-03-01,210.61,20,"4,571.00",728,69,54.1,"287,600",867.3,"397,469",10.5,189.9,,213.45,38.2,23.58,5.6,1388.7,5.97
2008-04-01,208.26,20,"4,574.00",682,62,63.4,"314,300",854.6,"392,801",10.3,190.5,,213.94,38.1,23.63,5.2,1391.4,5.92
2008-05-01,205.97,19,"4,599.00",679,73.6,61.9,"298,200",840.8,"389,335",10.7,193.8,,215.21,37.9,23.82,5,1393.4,6.04
2008-06-01,204.66,18,"4,640.00",647,73.6,59.4,"299,400",824.8,"382,000",10.7,194.6,,217.46,38,23.89,5,1404.6,6.32
2008-07-01,202.79,16,"4,723.00",615,69.2,55.7,"301,900",812.7,"372,755",10.5,193.5,,219.02,37.8,23.98,5,1421.1,6.43
2008-08-01,200.68,16,"4,733.00",607,62.3,48,"265,500",800.3,"360,382",11.3,193.5,,218.69,37.8,24.21,5,1407.4,6.48
2008-09-01,198.9,17,"4,827.00",537,75.3,45.9,"287,100",782.5,"348,206",10.9,193.7,,218.88,37.4,24.23,5,1462,6.04
2008-10-01,197.21,14,"4,867.00",542,68.5,40.4,"274,000",766.4,"336,824",11.6,191.1,,217,37.5,24.25,4.6,1473.8,6.2
2008-11-01,193.76,9,"4,847.00",459,66.8,26.2,"290,100",747.5,"320,284",11.4,188.9,,213.15,37.3,24.41,4,1514.6,6.09
2008-12-01,193.16,9,"4,797.00",403,66.3,24.6,"263,100",732.4,"301,332",11.2,188,,211.4,37.2,24.56,3.6,1601.7,5.29
2009-01-01,194.73,8,"4,782.00",358,39,22.1,"245,200",712.1,"291,523",12.2,185.3,,211.93,37.3,24.56,3.3,1582.8,5.05
2009-02-01,194.99,9,"4,765.00",358,36.4,26.3,"258,600",688.8,"276,113",10.5,183.5,,212.71,37.4,24.6,3.3,1567.2,5.13
2009-03-01,192.7,9,"4,767.00",353,41.3,32.7,"259,800",667.1,"262,528",11,181.7,,212.5,37.2,24.76,3.3,1578.9,5
2009-04-01,191.49,14,"4,761.00",387,41.3,37.8,"269,800",655.8,"251,235",10.7,181.2,,212.71,37.2,24.8,3.3,1611.6,4.81
2009-05-01,191.36,16,"4,773.00",408,41.1,39.5,"274,600",643.9,"244,399",9.3,180.9,,213.02,37.3,24.77,3.3,1617.5,4.86
2009-06-01,191.3,15,"4,771.00",482,44.4,47,"274,800",634.9,"245,226",8.5,180.8,,214.79,37.2,24.85,3.3,1658.8,5.42
2009-07-01,190.66,17,"4,762.00",509,41.1,46.9,"271,100",629.1,"252,642",7.9,182.8,,214.73,37.4,24.85,3.3,1662.5,5.22
2009-08-01,190.41,18,"4,768.00",487,44.5,42.9,"257,800",620.8,"258,774",7.5,183,,215.45,37.4,24.89,3.3,1660,5.19
2009-09-01,190.18,19,"4,764.00",510,43.9,40.7,"290,300",612.8,"262,509",7.8,183.7,,215.86,37.5,24.88,3.3,1664.9,5.06
2009-10-01,190.54,17,"4,762.00",476,49,38.6,"263,800",606.4,"263,232",7.4,182.7,,216.51,36.4,25.01,3.3,1677.7,4.95
2009-11-01,191.14,17,"4,757.00",497,50.1,31.9,"274,700",602.3,"263,973",7.6,183.3,100,217.23,37.5,25.03,3.3,1683,4.88
2009-12-01,189.33,16,"4,795.00",484,48,34.7,"278,300",596.2,"264,592",8,184.6,100,217.35,37,24.99,3.3,1692.8,4.93
2010-01-01,189.32,15,"4,800.00",510,30,31.4,"283,400",583.1,"263,680",8.1,185.8,100,217.49,37.5,25.12,3.3,1674.7,5.03
2010-02-01,188.56,17,"4,812.00",526,30.7,35.4,"284,100",578.3,"263,649",8.3,190.2,100,217.28,36.5,25.25,3.3,1699.8,4.99
2010-03-01,188.36,15,"4,811.00",542,37.6,50.9,"262,900",580.3,"263,220",7.1,193.2,100,217.35,37.3,25.17,3.3,1711.9,4.97
2010-04-01,188.64,19,"4,817.00",566,42.9,46.1,"270,500",579.8,"264,593",6.2,197.2,100,217.4,38.1,25.1,3.3,1699,5.1
2010-05-01,188.62,22,"4,858.00",457,43,39.9,"281,100",578.1,"263,020",9.3,200.6,100,217.29,37.7,25.15,3.3,1710.1,4.89
2010-06-01,186.67,16,"4,888.00",445,60.1,42.9,"256,700",577.2,"261,202",8.3,195.7,100,217.2,37.7,25.12,3.3,1731.6,4.74
2010-07-01,185.5,14,"4,910.00",426,39.2,37.5,"252,100",570.2,"254,964",8.9,194,100,217.61,37.8,25.17,3.3,1724,4.56
2010-08-01,185.31,13,"4,905.00",417,41.4,37.2,"268,800",568.7,"249,367",8.8,192.1,100,217.92,38,25.17,3.3,1748.7,4.43
2010-09-01,183.55,13,"4,910.00",449,43.9,34.3,"270,800",568,"249,015",7.6,191.4,100,218.28,39.1,25.19,3.3,1766.2,4.35
2010-10-01,183.8,15,"4,947.00",438,44.7,31.5,"254,400",563.3,"247,981",8.2,190.5,101,219.04,38.2,25.31,3.3,1780.4,4.23
2010-11-01,183.24,16,"4,968.00",452,38.7,29.6,"281,700",560.8,"248,808",8.2,190.3,101,219.59,38.2,25.31,3.3,1828.4,4.3
2010-12-01,181.89,16,"4,970.00",429,44,30.6,"291,700",559.7,"248,929",7,191.2,101,220.47,38,25.35,3.3,1836.7,4.71
2011-01-01,180.79,16,"4,969.00",430,28.4,26.2,"275,700",556.9,"250,965",7.3,193.4,101,221.19,37.6,25.46,3.3,1846.3,4.76
2011-02-01,179.26,16,"5,007.00",391,32.9,26.5,"262,800",559,"249,760",8.1,194.7,101,221.9,37.8,25.44,3.3,1870.1,4.95
2011-03-01,177.21,17,"5,010.00",429,28.2,37.8,"260,800",562.4,"251,180",7.2,195.8,101,223.05,37.9,25.34,3.3,1896.5,4.84
2011-04-01,177.65,16,"5,028.00",415,33.3,37.2,"268,900",563.5,"253,897",6.7,195.6,102,224.09,38.1,25.38,3.3,1897,4.84
2011-05-01,177.25,16,"5,035.00",414,36.6,39.7,"262,700",560.1,"254,629",6.6,194.3,102,224.81,38.5,25.35,3.3,1941.6,4.64
2011-06-01,177.73,13,"5,059.00",435,39.7,41.5,"273,100",567.5,"256,286",6.6,193.4,102,224.81,38.4,25.35,3.3,1963.4,4.51
2011-07-01,178.07,15,"5,074.00",432,40.2,35.9,"270,300",565.1,"257,737",6.7,193.6,103,225.4,38.5,25.36,3.3,1996,4.55
2011-08-01,177.58,15,"5,091.00",422,42.1,41.6,"259,300",564.4,"259,960",6.5,194.7,103,226.11,38.3,25.46,3.3,2115.4,4.27
2011-09-01,178.64,14,"5,098.00",418,38.4,36.3,"255,400",565.6,"258,293",6.3,194.3,103,226.6,38.5,25.49,3.3,2120,4.11
2011-10-01,177.7,17,"5,104.00",439,41.3,34.4,"258,300",571.7,"260,305",6,195.8,104,226.75,38.3,25.49,3.3,2128.5,4.07
2011-11-01,178.43,19,"5,113.00",465,40.7,31.6,"250,000",571.9,"254,401",5.7,195.3,104,227.17,38.3,25.44,3.3,2182,3.99
2011-12-01,179.02,21,"5,115.00",522,44.8,29.8,"262,900",575,"255,090",5.3,195.8,104,227.22,38.5,25.49,3.3,2165.7,3.96
2012-01-01,178.26,25,"5,120.00",518,26,30.5,"265,700",575.2,"259,223",5.3,196.3,105,227.84,38.6,25.5,3.3,2201.8,3.92
2012-02-01,178.69,28,"5,122.00",466,29.4,35.7,"274,000",576.8,"254,120",4.8,197.8,105,228.33,38.5,25.55,3.3,2207.1,3.89
2012-03-01,180.26,28,"5,144.00",472,33.6,42.9,"283,600",573,"258,662",4.9,199.8,105,228.81,38.7,25.66,3.3,2227.8,3.95
2012-04-01,181.15,24,"5,150.00",504,37.6,44.5,"287,900",572,"265,032",4.9,200.4,106,229.19,38.7,25.65,3.3,2237.3,3.91
2012-05-01,182.25,28,"5,167.00",518,39.3,50.3,"280,900",574,"269,833",4.7,202.3,106,228.71,38.5,25.69,3.3,2256.2,3.8
2012-06-01,182.98,29,"5,170.00",524,42.4,48.1,"271,800",576.2,"275,699",4.8,202.3,106,228.52,38.5,25.71,3.3,2275.3,3.68
2012-07-01,183.35,35,"5,184.00",517,38.3,47.3,"282,300",583.4,"279,707",4.6,201.1,106,228.59,38.4,25.75,3.3,2315,3.55
2012-08-01,184.65,37,"5,204.00",536,43.3,49.8,"305,500",584.8,"285,467",4.6,202.7,106,229.92,38.5,25.77,3.3,2354.1,3.6
2012-09-01,185.36,40,"5,195.00",594,46.6,43.3,"297,700",586.5,"292,076",4.5,203.3,106,231.02,38.8,25.86,3.3,2386.6,3.5
2012-10-01,186.27,41,"5,204.00",611,50.1,49.6,"285,400",582.7,"300,200",4.9,202.1,106,231.64,38.8,25.84,3.3,2420.1,3.38
2012-11-01,187.15,45,"5,213.00",569,45.6,40.4,"290,700",590.9,"302,823",4.6,204.9,106,231.25,38.8,25.95,3.3,2441.2,3.35
2012-12-01,188.02,47,"5,210.00",615,50.7,36.3,"299,200",594.7,"305,105",4.5,206.5,106,231.22,39.1,25.95,3.3,2460.7,3.35
2013-01-01,189.38,47,"5,226.00",604,36.9,40.7,"306,900",595.6,"309,893",4,210.7,106,231.68,39,25.96,3.3,2476.7,3.41
2013-02-01,190.61,46,"5,246.00",651,39.6,42.3,"312,500",597.9,"314,633",4.1,213.1,106,232.94,39.1,26.03,3.3,2468.9,3.53
2013-03-01,192.51,44,"5,249.00",624,45.8,51.7,"300,200",601.9,"318,708",4.2,216,106,232.28,39,25.98,3.3,2476.3,3.57
2013-04-01,193.48,41,"5,257.00",587,40.5,60.2,"337,000",607.6,"322,768",4.4,218,107,231.8,38.9,26.03,3.3,2504.9,3.45
2013-05-01,195.02,44,"5,272.00",608,46.3,62.8,"314,000",610.4,"327,919",4.6,215.6,107,231.89,39.1,26.04,3.3,2523.5,3.54
2013-06-01,196.24,51,"5,286.00",614,47,57.4,"306,100",610.8,"330,608",4.1,213.2,107,232.45,38.9,26.09,3.3,2521,4.07
2013-07-01,197.31,56,"5,281.00",593,47.2,58.7,"329,900",610.6,"334,273",5.5,212.4,107,232.9,38.7,26.17,3.3,2542.3,4.37
2013-08-01,197.91,58,"5,277.00",631,50.7,58,"310,800",613.8,"341,543",5.5,214.1,108,233.46,38.9,26.19,3.3,2551.3,4.46
2013-09-01,198.93,57,"5,285.00",577,50.9,50.5,"321,400",615.1,"345,327",5.4,214.5,108,233.54,38.9,26.17,3.3,2585.5,4.49
2013-10-01,199.45,54,"5,308.00",595,56.9,54.4,"335,700",621.2,"351,749",4.9,215.9,109,233.67,38.7,26.18,3.3,2631.2,4.19
2013-11-01,199.59,54,"5,317.00",699,52.9,43.8,"335,600",625.8,"358,973",5,217.1,109,234.1,39,26.25,3.3,2638.8,4.26
2013-12-01,200.71,57,"5,326.00",647,54.5,40.2,"321,200",628.6,"366,094",5.2,217.6,109,234.72,38.7,26.38,3.3,2674.2,4.46
2014-01-01,201.51,56,"5,324.00",567,40.3,42.7,"337,300",632.4,"373,352",5.1,220.2,110,235.29,38.6,26.41,3.3,2697.8,4.43
2014-02-01,202.36,46,"5,321.00",594,43.1,42.4,"325,900",641.6,"368,792",5.3,222.1,110,235.55,38.3,26.76,3.3,2724,4.3
2014-03-01,202.95,46,"5,336.00",652,47.8,52.8,"331,500",642.4,"374,228",5.6,223.5,110,236.03,39.2,26.48,3.3,2749.9,4.34
2014-04-01,203.65,46,"5,357.00",646,46.4,59.8,"325,100",650.5,"380,061",5.7,223,110,236.47,38.9,26.56,3.3,2770.5,4.34
2014-05-01,204.07,45,"5,370.00",652,52.7,60,"323,500",650,"381,415",5.2,224.2,110,236.92,38.9,26.61,3.3,2787,4.19
2014-06-01,205.1,49,"5,375.00",603,51,62.3,"338,100",657.1,"377,648",5.7,224.3,110,237.23,39,26.67,3.3,2821.8,4.16
2014-07-01,205.91,53,"5,383.00",656,51.5,61,"345,200",665.1,"377,696",6.2,224.7,111,237.5,39.2,26.66,3.3,2841.4,4.13
2014-08-01,206.69,55,"5,390.00",644,54.1,56.3,"356,200",669.8,"377,992",5.4,226,111,237.46,39.1,26.73,3.3,2801.4,4.12
2014-09-01,206.93,59,"5,409.00",664,56.9,56,"319,100",677.3,"387,364",5.4,226.7,111,237.48,39.1,26.81,3.3,2866.2,4.16
2014-10-01,208.1,54,"5,442.00",699,57.6,56.9,"377,500",674.1,"391,415",5.3,225.6,111,237.43,39,26.86,3.3,2876.9,4.04
2014-11-01,209.12,58,"5,468.00",658,53.6,42.8,"348,900",676.7,"396,871",5.7,225.2,111,236.98,39.1,26.92,3.3,2892.6,4
2014-12-01,210.44,58,"5,480.00",720,64.5,47.3,"373,200",672.6,"406,913",5.1,224.4,112,236.25,39.1,26.87,3.3,2947.3,3.86
2015-01-01,210.64,57,"5,497.00",703,45.3,44.2,"348,300",680.1,"412,410",4.8,225.1,112,234.75,39,27.07,3.3,2939.7,3.67
2015-02-01,212.26,55,"5,488.00",584,41.8,44.2,"346,300",680.4,"417,214",4.5,224.6,112,235.34,39.5,27.12,3.3,3004.9,3.71
2015-03-01,212.97,52,"5,487.00",627,44.7,58.4,"349,300",682.1,"417,610",5.1,223.9,112,235.98,39.2,27.24,3.3,2997.7,3.77
2015-04-01,213.71,56,"5,501.00",742,53.3,65.2,"340,400",684.7,"423,031",4.9,224,112,236.22,39,27.28,3.3,2996.9,3.67
2015-05-01,214.95,54,"5,490.00",708,54.2,63.2,"336,200",690,"430,946",5,222.5,112,237,38.9,27.32,3.3,2979.8,3.84
2015-06-01,215.8,60,"5,507.00",700,55.7,71,"326,900",688.5,"439,934",5.4,222,112,237.66,39.2,27.34,3.3,3018,3.98
2015-07-01,216.77,60,"5,510.00",759,52.1,65.9,"341,200",697.7,"446,395",5.2,222,113,238.03,39.1,27.36,3.3,3039.6,4.05
2015-08-01,217.3,61,"5,514.00",734,58.6,62,"343,300",698.2,"446,045",5,220.6,113,238.03,39.3,27.44,3.3,3027,3.91
2015-09-01,218.35,61,"5,541.00",746,58,60.3,"357,200",699.8,"454,657",5.9,219,113,237.5,38.8,27.35,3.3,3047,3.89
2015-10-01,219.62,65,"5,543.00",705,60,60.3,"368,900",702.6,"454,849",5.6,219.8,114,237.73,39.4,27.52,3.3,3022.3,3.8
2015-11-01,220.69,62,"5,563.00",774,55.2,50,"373,200",708.9,"453,590",5.5,220,114,238.02,39.1,27.67,3.3,3084.8,3.94
2015-12-01,221.69,60,"5,574.00",765,69,51.3,"352,500",712.9,"459,296",5.1,219.5,114,237.76,39.6,27.62,3.4,3100,3.96
2016-01-01,222.56,61,"5,561.00",752,46.7,46.2,"361,200",714.2,"462,729",5.6,219.8,113,237.65,39.3,27.66,3.5,3095,3.87
2016-02-01,222.81,58,"5,588.00",859,51.4,53.6,"341,700",717,"468,615",5.5,219.7,113,237.34,39,27.75,3.5,3128,3.66
2016-03-01,224.55,58,"5,605.00",753,55.4,68.1,"359,000",720.5,"475,857",5.5,221,113,238.08,38.9,27.87,3.5,3153.7,3.69
2016-04-01,225.67,58,"5,632.00",777,55.6,68.4,"369,300",726.2,"474,859",5,222.4,114,238.99,39.1,27.97,3.5,3198.5,3.61
2016-05-01,226.55,58,"5,637.00",753,60.2,70.6,"349,700",726.8,"475,471",5.1,222.9,114,239.56,39,28.08,3.5,3237.8,3.6
2016-06-01,227.86,60,"5,636.00",769,65.9,75,"357,800",727.4,"481,016",5.3,223.4,114,240.22,39.1,28.12,3.5,3244.9,3.57
2016-07-01,229.02,58,"5,659.00",769,61.2,61.2,"353,000",728.1,"483,448",4.5,224,114,240.1,39.1,28.2,3.5,3245.3,3.44
2016-08-01,230.1,59,"5,669.00",734,66,71.3,"355,100",734.3,"487,803",5,224.6,114,240.55,39,28.2,3.5,3317.5,3.44
2016-09-01,231.4,65,"5,657.00",777,63.7,63.4,"366,100",744.9,"489,278",5.2,223.9,114,241.18,39.2,28.21,3.5,3327.3,3.46
2016-10-01,232.62,63,"5,681.00",859,70,61.6,"352,200",743.8,"503,588",5.2,223.9,115,241.74,39.2,28.42,3.5,3333.5,3.47
2016-11-01,233.64,63,"5,690.00",817,67.3,55.9,"363,400",744,"511,331",5.2,223.2,115,242.03,39.2,28.35,3.5,3353.9,3.77
2016-12-01,235.18,69,"5,722.00",801,75,55.5,"382,500",741.9,"518,926",5.4,223.3,115,242.64,39.1,28.43,3.6,3345.6,4.2
2017-01-01,235.23,67,"5,734.00",785,55,53.7,"357,700",744.3,"517,415",5.4,223.4,115,243.62,38.9,28.55,3.8,3389.3,4.15
2017-02-01,236.64,65,"5,742.00",864,52.7,57.8,"370,500",747.6,"538,210",5.3,226.2,115,244.01,39,28.5,3.8,3400.4,4.17
2017-03-01,238.05,71,"5,789.00",836,62.4,77.1,"384,400",746.5,"533,989",5,227.7,115,243.89,38.9,28.64,3.9,3452.9,4.2
2017-04-01,239.92,68,"5,802.00",825,60.1,69.3,"365,800",745.1,"539,763",5.4,229.6,116,244.19,39.1,28.59,4,3452.7,4.05
2017-05-01,241,69,"5,816.00",832,66.9,78.4,"378,400",747.2,"543,896",5.1,230.1,116,244,39.2,28.73,4,3517.6,4.01
2017-06-01,241.95,66,"5,826.00",867,71.3,81.8,"370,600",747.5,"543,889",5.3,229.9,116,244.16,39.1,28.9,4.1,3526.3,3.9
2017-07-01,243.25,64,"5,844.00",841,69.4,69.2,"372,400",753.2,"548,874",5.8,230.1,117,244.24,39,28.95,4.3,3548.6,3.97
2017-08-01,244.88,67,"5,862.00",867,65.6,76.6,"369,200",752.7,"548,690",6.1,231.6,117,245.18,39,28.97,4.3,3585.1,3.88
2017-09-01,245.91,64,"5,873.00",839,68.2,66.6,"379,300",752.2,"551,001",5.3,231.7,117,246.44,39,29.13,4.3,3569.3,3.81
2017-10-01,246.99,68,"5,867.00",878,73.3,71,"394,000",759.7,"544,317",5.5,234.4,118,246.63,39.2,29.11,4.3,3604.4,3.9
2017-11-01,248.58,69,"5,902.00",924,68.1,62,"388,500",763.3,"568,426",4.8,234.8,118,247.28,39.5,29.21,4.3,3626.2,3.92
2017-12-01,249.66,74,"5,914.00",824,82.4,56.5,"402,900",772.5,"571,214",5.6,235.6,118,247.81,39.1,29.29,4.4,3618.8,3.95
2018-01-01,251.43,72,"5,921.00",872,59.8,61.8,"377,800",776.7,"577,316",5.7,237.3,119,248.86,38.8,29.38,4.5,3650.7,4.03
2018-02-01,253.41,71,"5,932.00",892,61.3,62.2,"373,600",785.2,"583,280",5.7,242.4,119,249.53,39.3,29.53,4.5,3614,4.33
2018-03-01,254.22,70,"5,942.00",881,67.1,75.9,"369,200",787.9,"578,684",5.3,244.7,119,249.58,39.3,29.51,4.6,3667,4.44
2018-04-01,254.94,68,"5,954.00",918,61,79.2,"385,100",792.9,"581,271",5.5,244.8,120,250.23,39.4,29.65,4.8,3660,4.47
2018-05-01,256.24,70,"5,995.00",969,74.1,84.5,"372,600",798.1,"585,431",5.4,249.7,121,250.79,39.5,29.7,4.8,3654.4,4.59
2018-06-01,257.32,68,"6,005.00",867,75.6,81.8,"370,100",802.2,"576,776",5.9,253,121,251.02,39.3,29.75,4.9,3654.5,4.57
2018-07-01,258.37,68,"6,043.00",864,67.6,77.9,"392,300",803,"567,115",6.2,250.8,121,251.21,39.5,29.93,5,3679.8,4.53
2018-08-01,259.7,67,"6,060.00",899,83.6,78.6,"380,900",802.1,"556,811",6.5,246.2,121,251.66,39.1,30.01,5,3690.4,4.55
2018-09-01,260.1,67,"6,081.00",873,72.7,65.1,"386,400",803.8,"556,403",6.6,244.3,121,252.18,39.1,30.2,5,3700.1,4.63
2018-10-01,261.06,68,"6,093.00",872,75.5,74,"394,900",803.4,"541,318",7,239.8,124,252.77,38.9,30.24,5.3,3724.9,4.83
2018-11-01,262.69,60,"6,093.00",776,66.9,61,"367,100",808.8,"543,360",6.7,236.6,124,252.59,38.9,30.28,5.3,3700.9,4.87
2018-12-01,263.38,56,"6,105.00",774,74.9,53.4,"381,800",812.7,"523,119",7.5,236.8,124,252.77,39.3,30.47,5.3,3773,4.64
2019-01-01,264.9,58,"6,107.00",925,64.2,58.3,"361,100",816.2,"522,830",6.9,236.9,125,252.72,39.8,30.32,5.5,3745,4.46
2019-02-01,265.49,62,"6,108.00",777,57.6,57.8,"383,600",813.7,"522,444",6.4,238.7,125,253.32,38.8,30.42,5.5,3752.1,4.37
2019-03-01,266.31,62,"6,110.00",838,75.2,69.6,"372,700",816.9,"523,776",5.8,238.3,125,254.2,39.3,30.53,5.5,3736.9,4.27
2019-04-01,267.72,63,"6,110.00",883,72.4,76.5,"385,400",811,"530,488",5.7,238.9,127,255.21,39.1,30.64,5.5,3783.9,4.14
2019-05-01,269.09,66,"6,112.00",859,74.6,81.6,"379,100",812.2,"538,194",6.5,238.1,127,255.29,39.1,30.7,5.5,3788.2,4.07
2019-06-01,269.97,64,"6,118.00",863,76.9,76.2,"361,900",815.6,"549,077",5.3,235.9,127,255.16,39.4,30.72,5.5,3828.4,3.8
2019-07-01,271.06,65,"6,131.00",890,75.9,79.4,"373,500",817.5,"560,959",5.8,236.6,128,255.69,39.1,30.71,5.5,3860.3,3.77
2019-08-01,272.09,67,"6,147.00",901,83.3,80.4,"392,700",824.7,"566,061",5.6,235.5,128,256.06,39.3,30.86,5.3,3855.3,3.62
2019-09-01,273.71,68,"6,147.00",919,72.9,71.9,"372,100",825.8,"569,395",5.4,235.9,128,256.51,39.9,30.9,5.2,3899.5,3.61
2019-10-01,275.12,71,"6,169.00",896,84,81.2,"380,300",828.6,"572,486",5.4,235.3,129,257.24,39.3,30.99,5,3933.1,3.69
2019-11-01,276.69,71,"6,179.00",905,78.7,65,"384,400",830.7,"585,352",5.6,235.1,129,257.8,39,31.14,4.8,3949.5,3.7
2019-12-01,278.98,76,"6,199.00","1,007.00",87.6,64.2,"377,700",828.2,"591,208",5.6,235.5,129,258.62,38.9,31.19,4.8,4021.2,3.72
2020-01-01,280.82,75,"6,214.00",968,62.5,71.6,"384,000",828.4,"605,832",5.5,235.7,130,259.04,39,31.23,4.8,3978.6,3.62
2020-02-01,282.66,74,"6,217.00","1,038.00",70.8,71.9,"386,200",837.2,"617,004",5.7,238,130,259.25,39,31.4,4.8,3981.4,3.47
2020-03-01,283.2,72,"6,218.00",888,72.3,79.2,"375,400",833.5,"627,211",6.5,241.5,130,258.12,39.1,31.4,3.8,4261,3.45
2020-04-01,283.68,30,"6,234.00",688,69.3,63.9,"360,300",708.4,"607,913",6.7,236.5,130,256.09,37.9,31.34,3.3,4794.5,3.31
2020-05-01,282.9,37,"6,239.00",750,69.5,66.5,"368,700",773.6,"600,302",5.3,237.7,130,255.87,38.8,31.44,3.3,16244.2,3.23
2020-06-01,286,58,"6,247.00",900,81.8,84.8,"382,200",793.6,"603,019",3.9,243.3,130,256.99,39,31.6,3.3,16559.7,3.16
2020-07-01,289.83,72,"6,258.00","1,002.00",79.5,92.5,"379,100",803.1,"624,276",3.5,250.5,131,258.28,39,31.74,3.3,16767.2,3.02
2020-08-01,294.95,78,"6,268.00","1,026.00",78.9,90.2,"386,300",810,"648,039",3.3,265,131,259.41,39,31.83,3.3,16878.5,2.94
2020-09-01,299.66,83,"6,300.00","1,115.00",78.6,95,"405,100",818.9,"667,490",3.4,285.6,130,260.03,38.9,31.81,3.3,17158.6,2.89
2020-10-01,304.25,85,"6,344.00","1,174.00",80.7,95.5,"394,600",827.2,"687,334",3.4,279.2,130,260.29,38.9,31.85,3.3,17357.2,2.83
2020-11-01,307.85,90,"6,392.00","1,166.00",75.6,79.6,"396,100",828,"707,819",4.1,266.4,130,260.81,38.9,32,3.3,17609.1,2.77
2020-12-01,311.76,86,"6,445.00","1,308.00",92,88.6,"401,700",837.6,"728,680",4.1,274.7,130,262.04,39,32.08,3.3,17827,2.68
2021-01-01,315.47,83,"6,459.00","1,117.00",72.2,84.1,"418,600",842.5,"744,622",4,292.4,131,262.65,39.2,32.19,3.3,18098.4,2.74
2021-02-01,318.37,84,"6,493.00","1,053.00",72.5,81.4,"407,500",846.2,"747,851",4.8,300.1,131,263.64,38.2,32.29,3.3,18362.8,2.81
2021-03-01,323.29,82,"6,545.00","1,243.00",83.9,111.3,"414,700",858,"768,074",4.2,311.9,131,264.91,39.4,32.24,3.3,18634.3,3.08
2021-04-01,328.46,83,"6,612.00","1,061.00",78.9,108.4,"434,800",854.3,"780,114",4.7,326.1,133,266.67,39.1,32.55,3.3,18934.1,3.06
2021-05-01,334.17,83,"6,754.00","1,110.00",80.3,99.7,"445,300",855.8,"797,728",5.4,358,134,268.44,38.9,32.71,3.3,19268.1,2.96
2021-06-01,340.16,81,"6,876.00","1,165.00",80.9,105.8,"431,900",857.8,"808,662",5.8,360.6,134,270.56,38.7,32.82,3.3,19359.2,2.98
2021-07-01,345.54,80,"7,006.00","1,124.00",78.5,92.6,"462,100",867.2,"815,483",6,324.31,137,271.76,38.8,32.94,3.3,19534.6,2.87
2021-08-01,349.56,75,"7,201.00","1,095.00",83,94.2,"470,000",873.6,"820,597",6.5,300.88,137,272.87,38.8,33.08,3.3,19734.2,2.84
2021-09-01,353.27,76,"7,214.00","1,094.00",79,88.2,"470,600",879.9,"823,155",6.1,293.03,137,274.03,39.6,33.23,3.3,19865.9,2.9
2021-10-01,357.78,80,"7,244.00","1,079.00",83,86.4,"487,700",882.8,"825,903",6.9,297.67,146,276.52,38.7,33.39,3.3,20035.1,3.07
2021-11-01,362.57,83,"7,255.00","1,220.00",78.2,81.1,"498,800",889.2,"832,997",6.2,301.8,146,278.71,38.9,33.45,3.3,20250.4,3.07
2021-12-01,367.87,84,"7,289.00","1,212.00",99.2,82.1,"491,000",896.4,"852,307",5.6,319.32,146,280.89,39,33.64,3.3,20496,3.1
2022-01-01,373.47,83,"7,359.09","1,157.00",65.6,83.4,"501,200",902.9,"890,763",5.7,349.22,,,38.7,33.89,3.25,20506.3,3.45
2022-02-01,379.68,81,"7,457.68","1,213.00",78.6,87.1,"522,200",910.6,"912,047",6,359.93,,,39.4,33.97,3.25,20533.6,3.76
2022-03-01,384.77,79,"7,565.14","1,191.00",87.9,107.4,"511,800",913.6,"929,023",7,372.86,,,38.7,34.14,3.37,20664.6,4.17
2022-04-01,390.52,77,"7,677.45","1,173.00",81.2,98.2,"562,400",918.3,"940,598",8.4,356.44,,,38.7,34.33,3.5,20651.8,4.98
2022-05-01,395.03,69,"7,785.64","1,073.00",87.1,95.4,"521,500",925.1,"954,475",8.3,358.83,,,38.9,34.53,3.93,20639.1,5.23
2022-06-01,395.66,67,"7,889.98","1,013.00",87.5,91.5,"472,000",921.4,"946,828",9.4,334.28,,,38.7,34.67,4.36,20608.2,5.52
2022-07-01,393.59,55,"7,950.39",900,82.9,75.6,"564,900",924.1,"936,964",10.1,331.67,,,38.7,34.78,4.83,20588.3,5.41
2022-08-01,391.71,49,"7,952.50",923,90,81,"530,800",924.5,"905,056",8.5,329.17,,,38.7,34.91,5.5,20478.5,5.22
2022-09-01,392.73,46,"7,958.27",893,88.5,70.8,"530,100",924.6,"889,018",10.1,322.85,,,38.7,35.05,5.74,20279.4,6.11
2022-10-01,393,38,"7,965.04",859,84.7,65.9,"543,300",929.5,"874,105",9.5,317.62,,,38.9,35.25,6.25,20098.8,6.9
2022-11-01,392.76,33,"7,966.90",807,91.3,55.6,"527,400",929,"869,322",9.4,312.86,,,38.5,35.43,6.93,19968.5,6.81
2022-12-01,392.39,31,"7,971.96",881,96.8,50.2,"567,200",934.3,"868,435",8.7,308.14,,,38.6,35.6,7.26,19830.8,6.36
2023-01-01,393.17,35,"7,976.68",823,71,53.1,"479,800",935.8,"866,756",8.3,306.58,,,39.2,35.69,7.5,19571.3,6.27
